"Limited working contracts (N=313)","83.89808"
"Changes of residence (N=224)","60.11778"
"Other sectors paid better (N=203)","54.48164"
"Too competitive (N=194)","52.13523"
"Familiy responsibilities (N=173)","46.25093"
"Low chance to get post doc position (N=81)","21.77980"
"Looking for a new challenge (N=76)","20.34221"
"Do not feel qualified enough (N=53)","14.23871"
"No interest (N=49)","13.00909"
"Hard to organize my own work (N=21)","5.53747"
"Don't have the required grades (N=5)","1.30070"
"Supervisor advised to leave academia (N=4)","1.15524"
