"Limited working contracts (N=313)","83.9"
"Changes of residence (N=224)","60.1"
"Other sectors paid better (N=203)","54.5"
"Too competitive (N=194)","52.1"
"Familiy responsibilities (N=173)","46.3"
"Low chance to get post doc position (N=81)","21.8"
"Looking for a new challenge (N=76)","20.3"
"Do not feel qualified enough (N=53)","14.2"
"No interest (N=49)","13.0"
"Hard to organize my own work (N=21)","5.5"
"Don't have the required grades (N=5)","1.3"
"Supervisor advised to leave academia (N=4)","1.2"
